<mapper namespace="com.ssafy.campcino.mapper.StoreMapper">
    <resultMap id="StoreResultMap" type="com.ssafy.campcino.dto.responseDto.StoreDto">
        <id property="shopId" column="shop_id" />
        <result property="shopTitle" column="shop_title" />
        <result property="shopPrice" column="shop_price" />
        <result property="shopComment" column="shop_comment" />
        <result property="productId" column="product_id" />
    </resultMap>

    <select id="findAllStores" resultMap="StoreResultMap">
        SELECT * FROM tbl_camp_shop;
    </select>

    <select id="findStoreById" parameterType="int" resultMap="StoreResultMap">
        SELECT * FROM tbl_camp_shop WHERE shop_id = #{id};
    </select>
</mapper>
