<?xml version="1.0" encoding="UTF-8" ?>
<!DOCTYPE mapper
        PUBLIC "-//mybatis.org//DTD Mapper 3.0//EN"
        "http://mybatis.org/dtd/mybatis-3-mapper.dtd">
<mapper namespace="com.ssafy.campcino.mapper.CampStoreMapper">

    <!-- 결과 매핑 정의 -->
    <resultMap id="CampProductMap" type="com.ssafy.campcino.dto.responseDto.CampProductDto">
        <id property="productId" column="product_id" />
        <result property="productName" column="product_name" />
        <result property="productCategory" column="product_category" />
        <result property="productPrice" column="product_price" />
        <result property="productImg" column="product_img" />
        <result property="productDescription" column="product_description" />
        <association property="rating" column="product_id" javaType="com.ssafy.campcino.dto.responseDto.ProductRatingDto" select="com.ssafy.campcino.mapper.RatingMapper.findRatingByProductId"/>
        <collection property="reviews" column="product_id" javaType="List" ofType="com.ssafy.campcino.dto.responseDto.ProductReviewDto" select="com.ssafy.campcino.mapper.ReviewMapper.findReviewsByProductId"/>
    </resultMap>

    <!-- 캠핑 용품 목록 조회 -->
    <select id="findAllCampProducts" resultMap="CampProductMap">
        SELECT
        cp.product_id,
        cp.product_name,
        cp.product_category,
        cs.shop_price AS product_price,
        cs.shop_img AS product_img,
        cs.shop_comment AS product_description
        FROM tbl_camp_product cp
        JOIN tbl_camp_shop cs ON cp.product_id = cs.product_id
    </select>

    <!-- 캠핑 용품 상세 조회 -->
    <select id="findCampProductById" parameterType="int" resultMap="CampProductMap">
        SELECT
        cp.product_id,
        cp.product_name,
        cp.product_category,
        cs.shop_price AS product_price,
        cs.shop_img AS product_img,
        cs.shop_comment AS product_description
        FROM tbl_camp_product cp
        JOIN tbl_camp_shop cs ON cp.product_id = cs.product_id
        WHERE cp.product_id = #{productId}
    </select>

    <!-- 랜덤 상품 추천 조회 -->
    <select id="findRandomProducts" resultMap="CampProductMap">
        SELECT
        cp.product_id,
        cp.product_name,
        cp.product_category,
        cs.shop_price AS product_price,
        cs.shop_img AS product_img,
        cs.shop_comment AS product_description
        FROM tbl_camp_product cp
        JOIN tbl_camp_shop cs ON cp.product_id = cs.product_id
        WHERE cp.product_id >= FLOOR(1 + RAND() * (SELECT MAX(product_id) FROM tbl_camp_product))
        LIMIT 4;
    </select>

</mapper>
