<?xml version="1.0" encoding="UTF-8" ?>
<!DOCTYPE mapper PUBLIC "-//mybatis.org//DTD Mapper 3.0//EN" "http://mybatis.org/dtd/mybatis-3-mapper.dtd">
<mapper namespace="com.ssafy.campcino.repository.CampRepository">

    <resultMap id="CampResultMap" type="com.ssafy.campcino.model.CampDto">
        <result property="campId" column="camp_id" />
        <result property="regionId" column="sido_id" />
        <result property="regionName" column="sido_name" />
        <result property="categoryId" column="category_id" />
        <result property="categoryName" column="camp_category" />
        <result property="campName" column="camp_name" />
        <result property="campHomepage" column="camp_hompage" />
        <result property="campExplanation" column="camp_explanation" />
        <result property="campPhone" column="camp_phone" />
        <result property="campCharacter" column="camp_character" />
        <result property="roadAddress" column="camp_road_address" />
        <result property="numberAddress" column="camp_number_address" />
        <result property="longitude" column="longitude" />
        <result property="latitude" column="latitude" />
    </resultMap>

    <select id="getSelect" parameterType="map" resultMap="CampResultMap">
        SELECT c.*, s.sido_name, cat.camp_category, a.camp_road_address, a.camp_number_address, a.longitude, a.latitude
        FROM tbl_camp c
        JOIN tbl_sido s ON c.sido_id = s.sido_id
        JOIN tbl_camp_category cat ON c.category_id = cat.category_id
        JOIN tbl_address a ON c.camp_id = a.camp_id
        <if test="region != null and region != 0">
            AND c.sido_id = #{region}
        </if>
        <if test="category != null and category != 0">
            AND c.category_id = #{category}
        </if>
        <if test="text != null and text != ''">
            AND c.camp_name LIKE CONCAT('%', #{text}, '%')
        </if>
    </select>

</mapper>
